DATASET,MODEL,SRCC,KRCC,PLCC,RMSE,SELECT_CRITERIC
cvd_2014,camp-vqa,0.9065517741154373,0.7323416666370048,0.9332417164643467,7.70334844714407,byrmse
