DATASET,MODEL,SRCC,KRCC,PLCC,RMSE,SELECT_CRITERIC
cvd_2014,camp-vqa,0.9663506012950971,0.8556891766882517,0.9637837820030455,5.872597920089944,byrmse
cvd_2014,camp-vqa,0.9567530064754857,0.8223866790009251,0.9479627800857794,6.858309646616841,bykrcc
