DATASET,MODEL,SRCC,KRCC,PLCC,RMSE,SELECT_CRITERIC
finevd,camp-vqa,0.924034731680625,0.7583299407606895,0.9331018523294605,4.708112390753377,byrmse
finevd,camp-vqa,0.9207867802786903,0.7525339872989717,0.9297469145189728,4.735153859351954,bykrcc
