DATASET,MODEL,SRCC,KRCC,PLCC,RMSE,SELECT_CRITERIC
finevd,camp-vqa,0.8646165901763361,0.6645439046629318,0.8896493048349057,5.925250354652794,byrmse
