DATASET,MODEL,SRCC,KRCC,PLCC,RMSE,SELECT_CRITERIC
konvid_1k,camp-vqa,0.9263251892047208,0.7649726833680118,0.932353728535406,0.23169355746900624,byrmse
