DATASET,MODEL,SRCC,KRCC,PLCC,RMSE,SELECT_CRITERIC
konvid_1k,camp-vqa,0.9304471014729214,0.7810073986956184,0.9438695651116706,0.2091749799420452,byrmse
konvid_1k,camp-vqa,0.9386307630661175,0.7893257928671248,0.9466596015363828,0.2040184956263306,bykrcc
