DATASET,MODEL,SRCC,KRCC,PLCC,RMSE,SELECT_CRITERIC
kvq,camp-vqa,0.8110667824654662,0.6155031085251034,0.8096809454387828,0.3313517633792566,byrmse
