DATASET,MODEL,SRCC,KRCC,PLCC,RMSE,SELECT_CRITERIC
kvq,camp-vqa,0.9674056909359252,0.8494085099961949,0.9671873257058152,0.1429824104064603,byrmse
kvq,camp-vqa,0.9669343951407005,0.8479691145692062,0.9666040904975104,0.1437205813252405,bykrcc
