DATASET,MODEL,SRCC,KRCC,PLCC,RMSE,SELECT_CRITERIC
live_vqc,camp-vqa,0.9342939351706153,0.7774830533451222,0.9461931938828932,5.042071055976488,byrmse
live_vqc,camp-vqa,0.9350806995459247,0.7833775419982315,0.9552697738935535,5.306612236102178,bykrcc
