DATASET,MODEL,SRCC,KRCC,PLCC,RMSE,SELECT_CRITERIC
live_yt_gaming,camp-vqa,0.9050281269532605,0.7341736694677871,0.9418925831060295,5.7066168234976065,byrmse
live_yt_gaming,camp-vqa,0.9167442183484962,0.7509803921568626,0.9347165471148959,6.6872849266568615,bykrcc
