DATASET,MODEL,SRCC,KRCC,PLCC,RMSE,SELECT_CRITERIC
live_yt_gaming,camp-vqa,0.8642461784616068,0.6632164718976071,0.8836044981920599,7.921432117744303,byrmse
