DATASET,MODEL,SRCC,KRCC,PLCC,RMSE,SELECT_CRITERIC
live_vqc,camp-vqa,0.9189637514215275,0.751980892114485,0.9369045006193113,5.963103478650644,byrmse
