DATASET,MODEL,SRCC,KRCC,PLCC,RMSE,SELECT_CRITERIC
youtube_ugc_h264,camp-vqa,0.879854959995206,0.6907042262385393,0.8975558372131454,0.28466545536193905,byrmse
