DATASET,MODEL,SRCC,KRCC,PLCC,RMSE,SELECT_CRITERIC
youtube_ugc_h264,camp-vqa,0.9121280828322815,0.745121737453329,0.9280087835937239,0.22971626878303425,byrmse
youtube_ugc_h264,camp-vqa,0.9189766752219524,0.753583483776653,0.9290924110057611,0.24348842808206106,bykrcc
